Año,Mes,Pais_Origen,Medio_Acceso_Predicho,Total_Turistas
2019,10,Reino Unido,Aeropuerto,1447925
2019,9,Reino Unido,Aeropuerto,1447925
2019,6,Reino Unido,Aeropuerto,1447925
2023,11,Reino Unido,Aeropuerto,1403438
2022,12,Reino Unido,Aeropuerto,1231943
2022,9,Reino Unido,Aeropuerto,1231943
2022,3,Reino Unido,Aeropuerto,1231943
2022,7,Alemania,Aeropuerto,1114793
2023,10,Alemania,Aeropuerto,1030830
2023,5,Alemania,Aeropuerto,979289
2021,10,Alemania,Aeropuerto,758936
2019,3,Alemania,Aeropuerto,657207
2019,12,Alemania,Aeropuerto,636007
2023,4,Francia,Carretera,630330
2023,3,Francia,Carretera,630330
2023,7,Francia,Carretera,630330
2021,8,Alemania,Aeropuerto,612045
2022,4,Alemania,Aeropuerto,603846
2019,9,Francia,Carretera,589647
2023,2,Alemania,Aeropuerto,515415
2022,5,Francia,Carretera,513010
2023,7,Italia,Aeropuerto,381361
2023,11,Italia,Aeropuerto,381361
2023,1,Italia,Aeropuerto,381361
2023,5,Italia,Aeropuerto,381361
2023,10,EE.UU.,Aeropuerto,372480
2019,8,Italia,Aeropuerto,349396
2019,4,Italia,Aeropuerto,349396
2021,4,Reino Unido,Aeropuerto,344431
2021,6,Reino Unido,Aeropuerto,344431
2019,8,Bélgica,Aeropuerto,333640
2023,10,Francia,Aeropuerto,329379
2023,12,Francia,Aeropuerto,329379
2023,2,Francia,Aeropuerto,329379
2022,7,EE.UU.,Aeropuerto,319503
2023,7,Países Bajos,Aeropuerto,317439
2022,9,Italia,Aeropuerto,313412
2022,7,Italia,Aeropuerto,313412
2022,4,Italia,Aeropuerto,313412
2022,10,Francia,Aeropuerto,312852
2022,1,Francia,Aeropuerto,312852
2022,8,Francia,Aeropuerto,312852
2022,2,Francia,Aeropuerto,312852
2019,12,Francia,Aeropuerto,309216
2019,7,Francia,Aeropuerto,309216
2019,5,Francia,Aeropuerto,309216
2019,8,Francia,Aeropuerto,309216
2019,1,Francia,Aeropuerto,309216
2019,11,Francia,Aeropuerto,309216
2021,5,Francia,Carretera,295867
2022,12,Países Bajos,Aeropuerto,288885
2022,1,Países Bajos,Aeropuerto,288885
2022,1,Alemania,Aeropuerto,278698
2022,9,Bélgica,Aeropuerto,271132
2019,9,Bélgica,Aeropuerto,259010
2020,12,Reino Unido,Aeropuerto,246142
2020,5,Francia,Carretera,237382
2019,5,Bélgica,Aeropuerto,215110
2023,2,Irlanda,Aeropuerto,199866
2023,6,Bélgica,Aeropuerto,191375
2022,4,EE.UU.,Aeropuerto,187209
2019,10,Bélgica,Aeropuerto,186574
2021,12,Francia,Aeropuerto,183826
2021,8,Francia,Aeropuerto,183826
2023,7,Suecia,Aeropuerto,180165
2019,6,Irlanda,Aeropuerto,178128
2023,5,Portugal,Carretera,169033
2023,8,Portugal,Carretera,169033
2022,6,Irlanda,Aeropuerto,168308
2022,1,Irlanda,Aeropuerto,168308
2023,11,Bélgica,Aeropuerto,168037
2019,5,Suecia,Aeropuerto,166127
2019,5,Portugal,Carretera,165901
2019,7,Portugal,Carretera,165901
2023,6,Suiza,Aeropuerto,156051
2022,4,Portugal,Carretera,152545
2022,2,Portugal,Carretera,152545
2022,3,Portugal,Carretera,152545
2022,9,Portugal,Carretera,152545
2023,4,Polonia,Aeropuerto,152242
2023,5,Polonia,Aeropuerto,152242
2023,12,Polonia,Aeropuerto,152242
2023,6,Polonia,Aeropuerto,152242
2022,9,Suiza,Aeropuerto,151334
2019,12,Suecia,Aeropuerto,149919
2021,7,Países Bajos,Aeropuerto,147629
2022,9,Suecia,Aeropuerto,139360
2023,6,Suecia,Aeropuerto,139218
2019,2,EE.UU.,Aeropuerto,134358
2021,2,Italia,Aeropuerto,132104
2021,12,Italia,Aeropuerto,132104
2023,7,Austria,Aeropuerto,131993
2022,6,Polonia,Aeropuerto,123792
2022,2,Polonia,Aeropuerto,123792
2019,5,Noruega,Aeropuerto,120270
2019,8,Noruega,Aeropuerto,120270
2021,9,Suecia,Aeropuerto,118997
2021,9,EE.UU.,Aeropuerto,118703
2019,12,Bélgica,Aeropuerto,116335
2023,4,Suecia,Aeropuerto,114650
2021,10,EE.UU.,Aeropuerto,113872
2019,2,Suecia,Aeropuerto,111427
2023,3,Noruega,Aeropuerto,108213
2023,5,Noruega,Aeropuerto,108213
2021,7,Suecia,Aeropuerto,108179
2023,3,Suecia,Aeropuerto,106461
2019,3,Polonia,Aeropuerto,106345
2019,11,Polonia,Aeropuerto,106345
2019,1,Polonia,Aeropuerto,106345
2019,10,Polonia,Aeropuerto,106345
2022,1,Bélgica,Aeropuerto,104115
2022,12,EE.UU.,Aeropuerto,102341
2022,10,Noruega,Aeropuerto,100469
2022,9,Noruega,Aeropuerto,100469
2022,7,Noruega,Aeropuerto,100469
2022,2,Noruega,Aeropuerto,100469
2020,9,Alemania,Aeropuerto,98898
2021,8,EE.UU.,Aeropuerto,97999
2023,9,Dinamarca,Aeropuerto,97611
2022,8,Suecia,Aeropuerto,97552
2021,8,Austria,Aeropuerto,97058
2023,11,Suiza,Aeropuerto,95365
2020,10,Alemania,Aeropuerto,87909
2023,1,Suiza,Aeropuerto,86695
2023,8,República Checa,Aeropuerto,84499
2022,3,Suecia,Aeropuerto,83617
2020,12,Francia,Aeropuerto,82582
2020,11,Francia,Aeropuerto,82582
2023,12,Suecia,Aeropuerto,81893
2019,9,Argentina,Aeropuerto,81267
2022,4,Suiza,Aeropuerto,79270
2019,4,Rusia,Aeropuerto,78377
2021,5,Portugal,Carretera,78352
2021,4,Portugal,Aeropuerto,78352
2021,11,Portugal,Carretera,78352
2020,11,Alemania,Aeropuerto,76920
2023,8,México,Aeropuerto,76086
2021,8,Suecia,Aeropuerto,75725
2023,8,Alemania,Aeropuerto,71213
2020,2,Italia,Aeropuerto,71027
2020,5,Italia,Aeropuerto,71027
2023,7,Alemania,Aeropuerto,68246
2021,2,Polonia,Aeropuerto,67066
2021,1,Polonia,Aeropuerto,67066
2021,8,Polonia,Aeropuerto,67066
2021,7,Polonia,Aeropuerto,67066
2023,7,Brasil,Aeropuerto,66310
2020,1,Países Bajos,Aeropuerto,65713
2019,12,Dinamarca,Aeropuerto,63442
2021,11,Suiza,Aeropuerto,62644
2019,11,Finlandia,Aeropuerto,62382
2019,10,Finlandia,Aeropuerto,62382
2022,9,Argentina,Aeropuerto,61594
2023,12,Portugal,Carretera,61169
2023,5,Portugal,Aeropuerto,61169
2023,4,Portugal,Aeropuerto,61169
2023,2,Portugal,Aeropuerto,61169
2019,2,Rusia,Aeropuerto,60679
2019,8,Alemania,Carretera,57486
2022,1,México,Aeropuerto,57259
2022,3,México,Aeropuerto,57259
2022,12,México,Aeropuerto,57259
2022,11,México,Aeropuerto,57259
2023,8,Canadá,Aeropuerto,57180
2019,9,Alemania,Carretera,55433
2021,12,Suiza,Aeropuerto,54814
2020,4,Portugal,Carretera,54807
2022,8,Bélgica,Aeropuerto,54470
2021,12,Suecia,Aeropuerto,54089
2022,10,Argentina,Aeropuerto,53661
2023,11,Austria,Aeropuerto,51650
2022,9,Alemania,Carretera,51578
2023,10,Argentina,Aeropuerto,50867
2021,10,Irlanda,Aeropuerto,50537
2021,6,Irlanda,Aeropuerto,50537
2021,9,Irlanda,Aeropuerto,50537
2019,5,Alemania,Aeropuerto,50300
2019,10,Alemania,Carretera,48247
2023,2,Austria,Aeropuerto,48206
2023,3,Finlandia,Aeropuerto,47996
2023,1,Finlandia,Aeropuerto,47996
2023,2,Finlandia,Aeropuerto,47996
2019,12,Japón,Aeropuerto,47699
2022,10,Alemania,Carretera,47280
2022,12,Portugal,Aeropuerto,46891
2022,4,Portugal,Aeropuerto,46891
2019,4,México,Aeropuerto,46608
2019,5,México,Aeropuerto,46608
2019,9,México,Aeropuerto,46608
2019,5,República Checa,Aeropuerto,45485
2019,11,Corea del Sur,Aeropuerto,44717
2019,1,Argentina,Aeropuerto,43298
2023,6,Brasil,Aeropuerto,42753
2019,3,Argentina,Aeropuerto,41300
2019,2,Corea del Sur,Aeropuerto,41034
2023,1,Argentina,Aeropuerto,40487
2023,1,Austria,Aeropuerto,40172
2020,2,Corea del Sur,Aeropuerto,39780
2019,4,Canadá,Aeropuerto,39762
2021,7,Alemania,Carretera,39379
2023,10,República Checa,Aeropuerto,39232
2022,8,Finlandia,Aeropuerto,38340
2022,3,Finlandia,Aeropuerto,38340
2022,9,Finlandia,Aeropuerto,38340
2022,11,Finlandia,Aeropuerto,38340
2019,6,Canadá,Aeropuerto,38203
2023,12,Países Bajos,Carretera,38150
2023,5,Países Bajos,Carretera,38150
2023,4,Países Bajos,Carretera,38150
2023,8,Países Bajos,Carretera,38150
2019,12,Reino Unido,Carretera,37511
2023,11,Argentina,Aeropuerto,37372
2020,12,Polonia,Aeropuerto,36324
2020,11,Polonia,Aeropuerto,36324
2023,10,Brasil,Aeropuerto,35772
2020,8,Suecia,Aeropuerto,35709
2019,1,Brasil,Aeropuerto,35674
2023,11,Alemania,Carretera,35607
2020,2,Argentina,Aeropuerto,35018
2022,7,Argentina,Aeropuerto,34996
2022,4,Países Bajos,Carretera,34967
2022,7,Países Bajos,Carretera,34967
2022,12,Países Bajos,Carretera,34967
2022,11,Países Bajos,Carretera,34967
2019,11,Alemania,Carretera,34902
2019,8,Portugal,Aeropuerto,34799
2020,9,Bélgica,Carretera,34667
2022,7,Bélgica,Carretera,34044
2019,4,Países Bajos,Carretera,32838
2019,9,Países Bajos,Carretera,32838
2019,10,Países Bajos,Carretera,32838
2019,2,Países Bajos,Carretera,32838
2020,1,China,Aeropuerto,32600
2021,5,Suecia,Aeropuerto,32454
2022,3,República Checa,Aeropuerto,32396
2023,5,EE.UU.,Puerto,32279
2022,11,Alemania,Carretera,32236
2019,12,Alemania,Carretera,30796
2023,11,China,Aeropuerto,30613
2022,7,Brasil,Aeropuerto,30201
2022,6,Rusia,Aeropuerto,30115
2022,4,Bélgica,Carretera,29829
2019,10,República Checa,Aeropuerto,28986
2022,4,Alemania,Carretera,27938
2022,5,Bélgica,Carretera,27559
2022,7,EE.UU.,Puerto,27253
2020,9,Irlanda,Aeropuerto,26970
2020,12,Irlanda,Aeropuerto,26970
2020,2,Irlanda,Aeropuerto,26970
2023,12,Argentina,Aeropuerto,26472
2019,2,Brasil,Aeropuerto,26021
2023,4,EE.UU.,Aeropuerto,25823
2023,3,Canadá,Aeropuerto,25413
2023,8,Japón,Aeropuerto,25220
2023,1,República Checa,Aeropuerto,24143
2021,2,Noruega,Aeropuerto,23758
2021,5,Noruega,Aeropuerto,23758
2022,11,Brasil,Aeropuerto,23585
2022,5,Canadá,Aeropuerto,23180
2020,7,Dinamarca,Aeropuerto,22898
2022,11,Corea del Sur,Aeropuerto,22892
2021,10,Países Bajos,Carretera,22699
2021,1,Países Bajos,Aeropuerto,22699
2021,12,Países Bajos,Aeropuerto,22699
2021,8,Países Bajos,Carretera,22699
2023,11,Rusia,Aeropuerto,22383
2020,3,Rusia,Aeropuerto,21990
2019,10,Brasil,Aeropuerto,21823
2019,12,Canadá,Aeropuerto,21440
2023,11,Brasil,Aeropuerto,20940
2022,2,República Checa,Aeropuerto,20933
2023,2,Rusia,Aeropuerto,20784
2023,2,Corea del Sur,Aeropuerto,20714
2022,10,Corea del Sur,Aeropuerto,20567
2021,7,Portugal,Aeropuerto,20483
2021,11,Portugal,Aeropuerto,20483
2021,4,México,Aeropuerto,20096
2021,3,México,Aeropuerto,20096
2023,3,Luxemburgo,Aeropuerto,19987
2023,7,Luxemburgo,Aeropuerto,19987
2023,8,Luxemburgo,Aeropuerto,19987
2023,12,Luxemburgo,Aeropuerto,19987
2023,9,Luxemburgo,Aeropuerto,19987
2020,3,Alemania,Carretera,19335
2023,3,Rusia,Aeropuerto,19186
2020,9,China,Aeropuerto,18985
2020,2,República Checa,Aeropuerto,18602
2020,3,Argentina,Aeropuerto,18431
2022,1,Austria,Aeropuerto,17824
2019,2,Italia,Carretera,17753
2019,1,Italia,Carretera,17753
2019,12,Italia,Carretera,17753
2019,3,Italia,Carretera,17753
2023,4,Suiza,Aeropuerto,17519
2023,9,Reino Unido,Carretera,17255
2023,3,Reino Unido,Carretera,17255
2021,5,EE.UU.,Aeropuerto,17253
2022,2,Alemania,Carretera,17193
2019,6,Suiza,Carretera,16868
2019,4,Francia,Puerto,16714
2019,6,Francia,Puerto,16714
2019,8,Francia,Puerto,16714
2019,2,Francia,Puerto,16714
2019,10,Francia,Puerto,16714
2019,5,Suiza,Carretera,16352
2020,7,China,Aeropuerto,16220
2020,2,Suiza,Aeropuerto,16183
2022,4,EE.UU.,Puerto,15968
2023,3,Reino Unido,Puerto,15817
2022,1,Bélgica,Carretera,15563
2021,2,Luxemburgo,Aeropuerto,15351
2021,10,Luxemburgo,Aeropuerto,15351
2021,9,Luxemburgo,Aeropuerto,15351
2021,4,EE.UU.,Aeropuerto,15183
2021,9,Canadá,Aeropuerto,15167
2022,1,Reino Unido,Puerto,15116
2022,9,Reino Unido,Puerto,15116
2022,5,Reino Unido,Puerto,15116
2020,11,Bélgica,Carretera,14942
2022,11,Italia,Carretera,14702
2022,1,Italia,Carretera,14702
2020,10,Finlandia,Aeropuerto,14442
2020,8,Finlandia,Aeropuerto,14442
2022,4,Rusia,Aeropuerto,14403
2019,8,Luxemburgo,Aeropuerto,14231
2019,6,Luxemburgo,Aeropuerto,14231
2019,6,EE.UU.,Puerto,14131
2020,9,EE.UU.,Aeropuerto,13971
2023,8,Austria,Carretera,13663
2019,3,EE.UU.,Puerto,13645
2022,6,Corea del Sur,Aeropuerto,13414
2021,6,Finlandia,Aeropuerto,13395
2021,2,Finlandia,Aeropuerto,13395
2019,4,Francia,Tren,13000
2021,11,Suiza,Carretera,12786
2020,12,Bélgica,Aeropuerto,12552
2023,2,Italia,Carretera,12524
2023,12,Italia,Puerto,12524
2023,1,Italia,Carretera,12524
2023,7,Italia,Carretera,12524
2023,10,Italia,Carretera,12524
2021,3,EE.UU.,Aeropuerto,12422
2021,6,Suiza,Aeropuerto,11987
2020,11,Suiza,Carretera,11853
2023,5,Francia,Puerto,11764
2023,1,Francia,Puerto,11764
2023,9,Austria,Carretera,11540
2019,5,EE.UU.,Carretera,11531
2022,10,Reino Unido,Carretera,11337
2022,1,Reino Unido,Carretera,11337
2022,5,Reino Unido,Carretera,11337
2022,2,Reino Unido,Carretera,11337
2022,2,Brasil,Aeropuerto,10930
2023,12,República Checa,Carretera,10865
2023,1,Corea del Sur,Aeropuerto,10789
2020,2,Países Bajos,Carretera,10633
2020,11,Países Bajos,Carretera,10633
2020,3,Países Bajos,Carretera,10633
2023,7,EE.UU.,Carretera,10587
2020,10,Austria,Aeropuerto,10454
2019,10,EE.UU.,Carretera,10400
2021,12,Brasil,Aeropuerto,10347
2020,3,México,Aeropuerto,10303
2020,5,México,Aeropuerto,10303
2022,1,Canadá,Aeropuerto,10302
2019,12,Italia,Puerto,10199
2019,3,Italia,Puerto,10199
2019,3,Brasil,Carretera,10140
2023,9,Canadá,Puerto,9736
2023,10,Italia,Puerto,9696
2023,3,Italia,Puerto,9696
2020,6,Canadá,Aeropuerto,9606
2021,12,Corea del Sur,Aeropuerto,9549
2019,5,Brasil,Carretera,9449
2020,2,Argentina,Carretera,9391
2023,3,Francia,Tren,8823
2023,4,Francia,Tren,8823
2023,6,Francia,Tren,8823
2019,4,EE.UU.,Carretera,8818
2022,12,Japón,Aeropuerto,8655
2022,5,Japón,Aeropuerto,8655
2022,10,Japón,Aeropuerto,8655
2019,2,EE.UU.,Carretera,8528
2021,12,Argentina,Carretera,8513
2021,11,Argentina,Carretera,8453
2020,1,Portugal,Aeropuerto,8446
2020,7,Portugal,Aeropuerto,8446
2020,4,Portugal,Aeropuerto,8446
2020,11,Portugal,Aeropuerto,8446
2020,3,Portugal,Aeropuerto,8446
2020,5,Japón,Aeropuerto,8371
2020,3,Suiza,Carretera,8299
2021,11,Brasil,Aeropuerto,8186
2019,12,Brasil,Carretera,8181
2021,1,República Checa,Aeropuerto,8084
2022,7,China,Aeropuerto,7937
2020,10,Bélgica,Aeropuerto,7932
2021,8,Reino Unido,Carretera,7885
2021,4,Reino Unido,Carretera,7885
2021,9,Reino Unido,Carretera,7885
2021,5,Reino Unido,Carretera,7885
2023,4,Canadá,Puerto,7878
2022,9,EE.UU.,Carretera,7861
2021,1,Italia,Carretera,7804
2021,3,Austria,Aeropuerto,7765
2023,10,Alemania,Puerto,7693
2019,6,Polonia,Carretera,7645
2019,9,Polonia,Carretera,7645
2020,2,EE.UU.,Carretera,7633
2022,3,Francia,Puerto,7569
2019,12,Japón,Carretera,7395
2020,12,Alemania,Carretera,7366
2021,3,Dinamarca,Aeropuerto,7301
2023,8,Brasil,Puerto,6913
2023,1,Brasil,Carretera,6913
2021,11,EE.UU.,Carretera,6845
2022,9,Francia,Tren,6728
2022,11,Francia,Puerto,6728
2022,1,Francia,Puerto,6728
2023,3,Brasil,Carretera,6576
2021,1,Brasil,Carretera,6543
2019,10,China,Carretera,6387
2020,7,Suiza,Carretera,6242
2021,10,Brasil,Carretera,6019
2022,7,Italia,Puerto,6014
2023,11,Brasil,Carretera,5921
2020,7,Italia,Carretera,5919
2020,4,Italia,Carretera,5919
2020,8,Italia,Carretera,5919
2019,7,Suecia,Carretera,5915
2021,2,Alemania,Carretera,5834
2021,5,Reino Unido,Puerto,5735
2021,9,Reino Unido,Puerto,5735
2022,3,Corea del Sur,Aeropuerto,5723
2020,7,Brasil,Carretera,5712
2022,1,Irlanda,Carretera,5570
2021,8,Austria,Carretera,5558
2020,4,Luxemburgo,Aeropuerto,5466
2020,7,Canadá,Aeropuerto,5463
2022,1,EE.UU.,Carretera,5323
2021,1,Austria,Aeropuerto,5176
2020,10,Argentina,Aeropuerto,5160
2021,8,Brasil,Carretera,5098
2023,3,Austria,Carretera,5078
2022,1,Polonia,Carretera,5040
2022,2,Polonia,Carretera,5040
2022,10,Polonia,Carretera,5040
2022,9,China,Carretera,5018
2020,3,Argentina,Carretera,4942
2019,6,Rusia,Carretera,4878
2022,4,EE.UU.,Tren,4833
2020,3,China,Aeropuerto,4816
2020,10,Brasil,Aeropuerto,4727
2022,11,EE.UU.,Carretera,4639
2019,9,Rusia,Carretera,4497
2020,7,Suecia,Aeropuerto,4464
2023,1,México,Puerto,4427
2023,6,México,Puerto,4427
2023,4,México,Puerto,4427
2023,11,México,Puerto,4427
2023,5,México,Puerto,4427
2022,7,Brasil,Carretera,4419
2020,6,EE.UU.,Aeropuerto,4412
2021,9,Francia,Tren,4365
2021,4,Francia,Tren,4365
2019,6,Austria,Carretera,4335
2023,9,China,Carretera,4243
2023,5,Brasil,Carretera,4217
2020,6,Austria,Aeropuerto,4020
2019,10,Suecia,Carretera,3902
2021,4,Rusia,Aeropuerto,3858
2023,2,Alemania,Puerto,3846
2023,6,Brasil,Carretera,3826
2019,4,Alemania,Puerto,3793
2020,12,Suiza,Carretera,3734
2023,10,Luxemburgo,Carretera,3727
2023,7,Luxemburgo,Carretera,3727
2023,11,Luxemburgo,Carretera,3727
2023,5,Irlanda,Puerto,3713
2023,11,Irlanda,Puerto,3713
2023,8,Irlanda,Puerto,3713
2023,1,Irlanda,Carretera,3713
2023,2,Irlanda,Puerto,3713
2022,12,Brasil,Carretera,3703
2022,5,China,Puerto,3687
2020,6,Alemania,Puerto,3683
2020,2,Reino Unido,Puerto,3674
2020,7,Reino Unido,Puerto,3674
2023,12,Países Bajos,Puerto,3599
2023,2,Países Bajos,Puerto,3599
2019,5,Rusia,Carretera,3506
2023,8,Noruega,Carretera,3498
2022,7,Irlanda,Puerto,3481
2022,11,Irlanda,Carretera,3481
2022,4,Irlanda,Puerto,3481
2022,12,Irlanda,Carretera,3481
2019,10,EE.UU.,Tren,3365
2019,6,Bélgica,Carretera,3349
2023,9,Brasil,Carretera,3319
2023,9,Canadá,Carretera,3221
2023,12,EE.UU.,Carretera,3168
2023,8,Canadá,Carretera,3106
2020,7,Brasil,Aeropuerto,3103
2021,10,Austria,Carretera,3088
2023,4,Bélgica,Puerto,3046
2019,7,Austria,Carretera,2948
2020,1,Corea del Sur,Carretera,2921
2019,3,Canadá,Carretera,2915
2019,6,Canadá,Carretera,2915
2019,7,Argentina,Puerto,2883
2023,6,China,Puerto,2828
2023,2,Brasil,Puerto,2811
2019,7,Bélgica,Puerto,2791
2019,5,Argentina,Carretera,2781
2020,2,Canadá,Carretera,2760
2022,8,Canadá,Carretera,2756
2023,5,Irlanda,Carretera,2681
2023,9,Irlanda,Carretera,2681
2023,8,Irlanda,Carretera,2681
2021,7,Canadá,Carretera,2650
2023,11,Canadá,Carretera,2646
2022,4,Luxemburgo,Carretera,2634
2022,1,Luxemburgo,Carretera,2634
2022,12,Luxemburgo,Carretera,2634
2022,7,Canadá,Puerto,2601
2020,1,Suecia,Carretera,2601
2021,2,Rusia,Aeropuerto,2572
2023,5,Portugal,Puerto,2568
2019,2,Suecia,Carretera,2525
2023,10,Dinamarca,Carretera,2506
2019,7,Canadá,Puerto,2439
2023,12,Brasil,Carretera,2361
2022,9,Alemania,Tren,2344
2023,4,Polonia,Carretera,2335
2023,1,Polonia,Carretera,2335
2023,5,China,Puerto,2323
2022,6,Suecia,Carretera,2311
2022,8,Noruega,Carretera,2298
2022,12,Noruega,Carretera,2298
2022,4,Noruega,Carretera,2298
2022,2,Noruega,Carretera,2298
2022,12,México,Puerto,2295
2022,6,Países Bajos,Puerto,2288
2022,1,Países Bajos,Puerto,2288
2022,10,Países Bajos,Puerto,2288
2020,1,Francia,Tren,2267
2020,7,Francia,Tren,2267
2022,6,Alemania,Puerto,2247
2019,3,Bélgica,Carretera,2233
2020,5,Suecia,Aeropuerto,2232
2023,10,China,Puerto,2222
2019,12,Noruega,Carretera,2220
2020,11,Rusia,Aeropuerto,2199
2021,10,Dinamarca,Carretera,2191
2022,5,Suecia,Carretera,2182
2020,9,Polonia,Carretera,2157
2020,7,Polonia,Carretera,2157
2020,6,Polonia,Carretera,2157
2023,8,China,Puerto,2147
2021,3,Japón,Aeropuerto,2133
2021,2,Japón,Aeropuerto,2133
2021,9,Japón,Aeropuerto,2133
2021,5,Brasil,Aeropuerto,2096
2019,7,México,Puerto,2091
2019,12,México,Puerto,2091
2019,10,México,Puerto,2091
2019,5,México,Puerto,2091
2022,7,Irlanda,Carretera,2089
2022,8,Irlanda,Puerto,2089
2023,9,Suecia,Carretera,1993
2020,10,Italia,Puerto,1973
2020,7,Italia,Puerto,1973
2020,12,Italia,Puerto,1973
2019,2,Argentina,Carretera,1967
2022,10,Brasil,Carretera,1941
2022,11,Suecia,Carretera,1926
2022,9,Argentina,Puerto,1896
2021,12,Italia,Puerto,1845
2020,5,Alemania,Puerto,1841
2023,7,República Checa,Carretera,1836
2019,12,Rusia,Puerto,1829
2019,4,Irlanda,Carretera,1814
2019,7,Irlanda,Carretera,1814
2022,8,Argentina,Carretera,1796
2021,9,EE.UU.,Tren,1784
2020,9,Austria,Carretera,1754
2020,9,Argentina,Carretera,1713
2019,6,Luxemburgo,Carretera,1713
2023,9,Argentina,Puerto,1693
2020,9,Corea del Sur,Aeropuerto,1681
2019,11,Brasil,Puerto,1680
2022,4,Canadá,Carretera,1680
2023,6,República Checa,Carretera,1675
2023,2,Argentina,Puerto,1668
2022,10,Argentina,Puerto,1652
2023,4,Suecia,Carretera,1641
2023,6,Argentina,Puerto,1626
2023,10,Argentina,Puerto,1626
2020,5,Francia,Puerto,1619
2023,6,Dinamarca,Carretera,1611
2022,5,Canadá,Carretera,1587
2022,6,Japón,Carretera,1584
2022,10,Japón,Carretera,1584
2022,7,Japón,Carretera,1584
2022,3,Japón,Carretera,1584
2020,1,EE.UU.,Tren,1571
2022,2,Noruega,Puerto,1567
2019,4,China,Puerto,1564
2019,11,Dinamarca,Carretera,1558
2019,11,Canadá,Carretera,1553
2019,1,EE.UU.,Tren,1536
2023,3,Suecia,Carretera,1524
2023,2,Dinamarca,Carretera,1522
2023,11,Dinamarca,Carretera,1522
2019,2,Reino Unido,Tren,1500
2019,4,Reino Unido,Tren,1500
2021,8,Dinamarca,Carretera,1481
2020,7,Austria,Puerto,1476
2020,6,Argentina,Carretera,1475
2019,10,Irlanda,Puerto,1451
2019,11,Irlanda,Puerto,1451
2019,8,Irlanda,Puerto,1451
2019,1,Irlanda,Puerto,1451
2021,3,Luxemburgo,Carretera,1446
2021,6,Luxemburgo,Carretera,1446
2021,3,Polonia,Carretera,1440
2021,10,Polonia,Carretera,1440
2021,7,Polonia,Carretera,1440
2020,11,Luxemburgo,Carretera,1439
2020,4,Luxemburgo,Carretera,1439
2020,2,Luxemburgo,Carretera,1439
2020,3,Luxemburgo,Carretera,1439
2023,3,Reino Unido,Tren,1438
2023,8,Reino Unido,Tren,1438
2023,7,Reino Unido,Tren,1438
2023,5,Reino Unido,Tren,1438
2023,6,Reino Unido,Tren,1438
2020,1,Alemania,Puerto,1435
2019,9,Brasil,Puerto,1423
2023,4,Argentina,Puerto,1411
2022,4,Portugal,Puerto,1409
2022,3,Portugal,Puerto,1409
2022,10,Portugal,Puerto,1409
2022,2,Portugal,Puerto,1409
2020,10,Argentina,Carretera,1384
2021,11,EE.UU.,Tren,1369
2021,3,China,Aeropuerto,1362
2023,10,Argentina,Tren,1346
2022,7,Suiza,Carretera,1340
2021,11,Dinamarca,Carretera,1327
2022,11,Argentina,Puerto,1322
2022,12,Suecia,Carretera,1284
2022,7,República Checa,Carretera,1281
2019,5,República Checa,Carretera,1266
2022,1,Reino Unido,Tren,1260
2022,5,Reino Unido,Tren,1260
2022,3,Reino Unido,Tren,1260
2019,8,Alemania,Puerto,1250
2023,9,Alemania,Tren,1209
2023,12,Argentina,Puerto,1197
2023,11,Argentina,Puerto,1195
2021,7,Corea del Sur,Tren,1178
2020,11,Brasil,Carretera,1177
2023,12,Suecia,Carretera,1172
2019,6,Alemania,Puerto,1172
2019,12,Dinamarca,Carretera,1169
2023,4,Argentina,Tren,1167
2019,8,Rusia,Carretera,1150
2019,10,Suiza,Tren,1142
2021,5,EE.UU.,Puerto,1137
2019,12,Japón,Puerto,1129
2019,6,Japón,Puerto,1129
2019,1,Japón,Puerto,1129
2023,8,Noruega,Puerto,1128
2023,5,Noruega,Puerto,1128
2019,1,Dinamarca,Carretera,1126
2020,10,Austria,Carretera,1118
2021,7,Irlanda,Puerto,1104
2021,10,Irlanda,Puerto,1104
2023,8,Suiza,Puerto,1101
2019,5,Alemania,Tren,1093
2023,10,Polonia,Puerto,1090
2023,7,Polonia,Puerto,1090
2023,4,Polonia,Puerto,1090
2023,6,Polonia,Puerto,1090
2022,1,Austria,Carretera,1085
2019,4,Argentina,Puerto,1083
2022,7,Argentina,Tren,1077
2022,3,Canadá,Puerto,1058
2021,5,Suecia,Carretera,1043
2022,1,Canadá,Puerto,1034
2019,4,Portugal,Puerto,1012
2019,10,Portugal,Puerto,1012
2019,5,Portugal,Tren,1012
2023,1,Canadá,Puerto,1007
2021,8,Finlandia,Carretera,992
2020,8,Brasil,Carretera,954
2021,3,Irlanda,Carretera,947
2021,2,Irlanda,Carretera,947
2021,11,Irlanda,Carretera,947
2020,7,EE.UU.,Carretera,937
2022,2,Canadá,Carretera,926
2019,6,Países Bajos,Puerto,921
2019,1,Países Bajos,Puerto,921
2019,11,Países Bajos,Puerto,921
2023,2,Canadá,Puerto,920
2021,12,China,Carretera,917
2019,6,Argentina,Tren,902
2023,6,Suiza,Puerto,901
2023,3,República Checa,Carretera,893
2020,9,Brasil,Tren,881
2020,3,Brasil,Tren,881
2020,9,Suecia,Carretera,867
2020,12,Argentina,Carretera,857
2022,8,Austria,Puerto,828
2022,10,Suiza,Puerto,827
2021,10,Alemania,Tren,807
2019,10,República Checa,Carretera,807
2021,8,Corea del Sur,Tren,785
2022,2,Alemania,Tren,781
2023,7,Canadá,Tren,778
2023,5,Canadá,Tren,778
2020,9,Japón,Carretera,762
2020,2,Japón,Carretera,762
2020,7,Japón,Carretera,762
2020,8,Japón,Carretera,762
2019,11,Finlandia,Carretera,760
2019,12,Finlandia,Carretera,760
2019,5,Canadá,Puerto,757
2020,10,EE.UU.,Carretera,750
2019,6,Noruega,Puerto,740
2019,4,Noruega,Puerto,740
2019,11,Noruega,Puerto,740
2019,1,Noruega,Puerto,740
2019,3,Suiza,Tren,740
2019,9,Canadá,Tren,735
2019,4,Canadá,Tren,735
2020,10,Brasil,Puerto,731
2021,12,Alemania,Tren,729
2023,2,Países Bajos,Tren,720
2023,9,Suecia,Tren,712
2023,6,Suecia,Tren,712
2019,6,Canadá,Tren,707
2023,8,Portugal,Tren,700
2023,11,Portugal,Tren,700
2023,3,Portugal,Tren,700
2019,11,México,Carretera,697
2019,5,México,Carretera,697
2019,8,México,Carretera,697
2019,10,Argentina,Tren,686
2019,12,Corea del Sur,Tren,680
2022,7,Suecia,Tren,656
2022,2,Países Bajos,Tren,654
2022,4,Países Bajos,Tren,654
2023,9,Suiza,Tren,631
2023,9,Austria,Puerto,624
2021,9,Argentina,Carretera,618
2019,4,Corea del Sur,Puerto,611
2023,6,Brasil,Tren,610
2019,7,Austria,Tren,610
2019,11,Portugal,Puerto,607
2019,5,Argentina,Tren,592
2022,9,Rusia,Puerto,589
2023,7,México,Tren,574
2023,3,México,Tren,574
2022,9,Suecia,Puerto,571
2020,4,Corea del Sur,Carretera,561
2023,11,Suiza,Puerto,551
2023,2,Alemania,Tren,549
2023,12,Alemania,Tren,549
2023,6,Japón,Puerto,543
2023,2,Japón,Puerto,543
2023,11,Finlandia,Carretera,539
2023,5,Finlandia,Puerto,539
2021,7,Dinamarca,Puerto,536
2021,12,Brasil,Tren,531
2020,3,Corea del Sur,Tren,530
2021,1,Canadá,Tren,530
2019,5,Suiza,Tren,516
2023,8,Brasil,Tren,510
2022,11,Argentina,Tren,501
2019,10,Corea del Sur,Tren,500
2021,4,Austria,Puerto,494
2023,10,Austria,Puerto,489
2021,4,Argentina,Tren,489
2021,5,Francia,Puerto,485
2021,11,Francia,Puerto,485
2021,6,Francia,Puerto,485
2023,3,Brasil,Tren,485
2021,9,Francia,Puerto,485
2021,2,Francia,Puerto,485
2022,9,México,Tren,483
2022,12,México,Tren,483
2022,8,México,Tren,483
2020,5,Austria,Puerto,482
2023,2,Dinamarca,Puerto,481
2023,11,Dinamarca,Puerto,481
2021,3,Alemania,Tren,469
2021,8,Argentina,Tren,469
2019,7,Suiza,Tren,462
2019,6,Corea del Sur,Tren,450
2022,7,Canadá,Tren,449
2022,12,Suiza,Puerto,447
2022,5,Argentina,Tren,447
2019,3,Argentina,Tren,447
2019,4,Suiza,Tren,446
2022,8,Dinamarca,Puerto,446
2020,8,Brasil,Tren,446
2021,3,Austria,Puerto,445
2019,12,Rusia,Carretera,442
2023,12,Finlandia,Puerto,441
2023,8,Finlandia,Puerto,441
2023,3,Finlandia,Puerto,441
2023,7,Finlandia,Puerto,441
2020,1,Argentina,Puerto,438
2020,12,Suecia,Carretera,434
2020,6,Austria,Puerto,430
2022,4,Suecia,Puerto,428
2022,11,Suecia,Puerto,428
2023,6,Suecia,Puerto,427
2023,9,Suecia,Puerto,427
2022,2,México,Tren,423
2022,1,México,Tren,423
2022,5,México,Tren,423
2022,11,México,Carretera,423
2023,4,Suiza,Puerto,420
2019,5,Corea del Sur,Tren,419
2019,2,Argentina,Puerto,419
2019,2,Austria,Puerto,416
2020,5,Suiza,Puerto,415
2023,11,Rusia,Puerto,414
2020,8,Alemania,Tren,407
2022,10,Portugal,Tren,402
2022,1,Portugal,Tren,402
2022,12,Portugal,Tren,402
2023,5,Suecia,Puerto,402
2021,10,Portugal,Tren,398
2021,1,Portugal,Puerto,398
2019,4,México,Tren,398
2021,9,Portugal,Tren,398
2019,5,México,Tren,398
2023,11,República Checa,Puerto,397
2019,11,Suiza,Tren,391
2019,4,Corea del Sur,Tren,389
2019,9,Suecia,Tren,384
2019,8,Bélgica,Tren,384
2019,10,Italia,Tren,378
2019,5,Italia,Tren,378
2019,2,Italia,Tren,378
2022,12,Dinamarca,Puerto,372
2019,11,China,Tren,368
2021,4,Alemania,Tren,365
2021,11,República Checa,Carretera,365
2021,11,Reino Unido,Tren,358
2022,3,Argentina,Tren,354
2023,9,Bélgica,Tren,353
2020,7,China,Tren,353
2019,1,Canadá,Tren,346
2019,5,Suecia,Tren,342
2021,7,Suecia,Tren,336
2020,5,Corea del Sur,Tren,336
2021,1,México,Tren,333
2021,3,México,Tren,333
2021,8,México,Tren,333
2020,3,Finlandia,Carretera,327
2020,7,Finlandia,Carretera,327
2020,9,Finlandia,Carretera,327
2020,6,EE.UU.,Tren,321
2020,7,Bélgica,Tren,320
2019,3,China,Tren,319
2022,9,China,Tren,316
2019,1,Países Bajos,Tren,307
2019,12,Países Bajos,Tren,307
2019,2,Países Bajos,Tren,307
2019,10,Países Bajos,Tren,307
2019,3,Suecia,Tren,300
2023,2,Suiza,Tren,300
2023,11,Brasil,Tren,299
2019,2,Suiza,Tren,299
2019,9,Bélgica,Tren,298
2022,11,Suiza,Tren,298
2020,5,Brasil,Carretera,296
2021,1,Austria,Puerto,296
2022,12,Suecia,Tren,285
2019,9,Japón,Tren,282
2019,5,Japón,Tren,282
2022,11,Finlandia,Puerto,272
2022,9,Finlandia,Puerto,272
2023,3,República Checa,Puerto,268
2022,2,Suiza,Tren,265
2022,2,Rusia,Carretera,265
2020,4,Reino Unido,Tren,262
2020,5,Reino Unido,Tren,262
2023,10,Rusia,Tren,262
2020,8,Reino Unido,Tren,262
2019,12,Dinamarca,Tren,260
2021,5,EE.UU.,Tren,259
2022,12,Polonia,Puerto,258
2022,5,Polonia,Puerto,258
2022,6,Polonia,Puerto,258
2019,1,China,Tren,255
2020,1,Portugal,Tren,254
2020,9,Argentina,Tren,253
2020,11,Alemania,Tren,251
2019,1,Dinamarca,Puerto,250
2021,10,Canadá,Tren,245
2020,1,Suiza,Tren,238
2019,12,China,Tren,235
2021,8,Suecia,Tren,235
2022,4,Bélgica,Tren,231
2021,10,Argentina,Tren,229
2022,12,China,Tren,228
2021,7,Canadá,Tren,227
2020,12,México,Tren,227
2020,2,Austria,Puerto,224
2023,7,Rusia,Tren,222
2022,12,Corea del Sur,Tren,221
2021,7,Japón,Carretera,215
2019,7,Bélgica,Tren,215
2022,6,China,Tren,214
2020,3,Dinamarca,Tren,208
2021,2,Alemania,Tren,208
2020,5,México,Carretera,205
2020,6,México,Carretera,205
2020,2,México,Carretera,205
2020,11,México,Carretera,205
2020,9,México,Carretera,205
2021,11,Canadá,Puerto,203
2021,9,Canadá,Tren,202
2020,3,Noruega,Carretera,196
2020,12,Noruega,Carretera,196
2022,12,Finlandia,Carretera,194
2022,11,Finlandia,Carretera,194
2020,8,Irlanda,Carretera,192
2020,6,Irlanda,Carretera,192
2020,5,Irlanda,Carretera,192
2021,1,Finlandia,Puerto,190
2021,12,Finlandia,Puerto,190
2021,7,Finlandia,Puerto,190
2021,6,Finlandia,Puerto,190
2022,4,Brasil,Tren,189
2021,9,México,Carretera,187
2021,1,México,Carretera,187
2021,3,México,Carretera,187
2021,7,México,Carretera,187
2021,8,México,Carretera,187
2020,4,China,Tren,186
2020,4,Suecia,Puerto,186
2023,8,Rusia,Tren,181
2021,4,Dinamarca,Tren,178
2023,3,China,Tren,177
2023,5,Corea del Sur,Tren,177
2023,12,Brasil,Tren,174
2022,1,Irlanda,Tren,174
2022,4,Irlanda,Tren,174
2022,3,Irlanda,Tren,174
2021,6,Austria,Tren,171
2021,5,Países Bajos,Puerto,171
2021,6,Países Bajos,Tren,171
2021,6,Noruega,Tren,171
2021,7,Países Bajos,Puerto,171
2021,4,Países Bajos,Puerto,171
2021,5,Noruega,Puerto,171
2021,10,Noruega,Tren,171
2021,3,Países Bajos,Puerto,171
2020,8,Argentina,Tren,170
2023,5,Austria,Tren,168
2019,11,Rusia,Tren,163
2019,8,Dinamarca,Tren,162
2022,2,Canadá,Tren,160
2019,11,Bélgica,Tren,157
2021,7,Suiza,Tren,156
2023,1,Rusia,Carretera,156
2020,2,Suiza,Puerto,155
2021,5,Bélgica,Tren,152
2021,6,China,Tren,152
2020,8,Japón,Tren,150
2019,6,Austria,Tren,149
2020,12,Canadá,Tren,147
2020,3,China,Tren,147
2022,11,Bélgica,Tren,146
2023,1,Bélgica,Tren,143
2021,3,Dinamarca,Tren,142
2021,9,Polonia,Puerto,138
2022,8,Austria,Tren,138
2020,7,Argentina,Puerto,136
2020,1,Austria,Tren,134
2020,2,Japón,Tren,132
2020,1,Japón,Tren,132
2020,3,Japón,Puerto,132
2023,9,China,Tren,131
2023,5,Japón,Tren,129
2023,12,Japón,Tren,129
2022,6,Suecia,Tren,128
2020,4,Portugal,Puerto,127
2020,12,Portugal,Tren,127
2020,5,Portugal,Puerto,127
2019,2,Finlandia,Tren,126
2020,12,EE.UU.,Puerto,125
2021,1,EE.UU.,Tren,124
2019,6,Noruega,Tren,123
2020,4,Argentina,Puerto,122
2020,8,Bélgica,Tren,120
2019,6,República Checa,Tren,118
2022,9,Dinamarca,Tren,117
2019,4,República Checa,Tren,117
2019,7,Polonia,Puerto,114
2019,12,Polonia,Puerto,114
2022,1,Austria,Tren,114
2019,11,Polonia,Tren,114
2019,5,Polonia,Tren,114
2020,11,República Checa,Tren,108
2021,5,Brasil,Tren,107
2020,3,Austria,Tren,107
2020,3,China,Puerto,105
2022,11,Noruega,Tren,104
2020,9,Dinamarca,Tren,103
2021,2,Rusia,Tren,102
2020,4,Canadá,Tren,100
2021,5,Canadá,Tren,100
2022,8,Suecia,Tren,100
2021,12,Portugal,Tren,99
2021,6,Portugal,Tren,99
2021,9,China,Tren,97
2022,11,Dinamarca,Tren,97
2021,2,Japón,Tren,95
2019,5,República Checa,Tren,94
2022,5,Dinamarca,Tren,94
2022,4,Luxemburgo,Puerto,93
2022,12,Luxemburgo,Puerto,93
2022,7,Luxemburgo,Puerto,93
2022,10,Luxemburgo,Puerto,93
2020,5,República Checa,Carretera,90
2019,9,República Checa,Tren,90
2020,3,Finlandia,Puerto,89
2020,4,Finlandia,Puerto,89
2020,1,Finlandia,Puerto,89
2023,5,Dinamarca,Tren,88
2019,11,Dinamarca,Tren,87
2023,6,Dinamarca,Tren,85
2020,7,Corea del Sur,Puerto,85
2022,1,China,Puerto,83
2023,7,China,Carretera,82
2020,4,Rusia,Carretera,81
2020,10,Rusia,Carretera,81
2021,7,Rusia,Puerto,81
2023,2,Dinamarca,Tren,80
2021,4,Canadá,Tren,80
2020,12,República Checa,Puerto,80
2020,10,Corea del Sur,Puerto,78
2021,8,Rusia,Tren,78
2020,6,Países Bajos,Tren,76
2020,4,Países Bajos,Puerto,76
2020,11,Países Bajos,Tren,76
2019,3,Austria,Tren,74
2021,9,Austria,Tren,72
2022,8,República Checa,Tren,72
2021,6,Suiza,Tren,71
2021,5,Dinamarca,Tren,70
2021,10,Polonia,Puerto,69
2021,4,Polonia,Puerto,69
2023,3,Austria,Tren,69
2021,10,Polonia,Tren,69
2021,3,Polonia,Puerto,69
2021,5,Polonia,Puerto,69
2023,10,China,Tren,68
2022,6,República Checa,Tren,67
2020,12,China,Puerto,65
2019,8,Finlandia,Tren,63
2019,12,Finlandia,Tren,63
2021,12,Dinamarca,Tren,63
2019,4,Finlandia,Tren,63
2020,5,Suecia,Tren,62
2021,1,China,Puerto,61
2020,11,Rusia,Carretera,61
2022,1,República Checa,Puerto,58
2021,3,Suiza,Puerto,57
2021,12,Suecia,Puerto,56
2021,12,Irlanda,Tren,53
2022,5,República Checa,Tren,53
2020,4,Brasil,Puerto,52
2020,8,Argentina,Puerto,51
2023,8,Finlandia,Tren,49
2023,9,Finlandia,Tren,49
2019,2,Luxemburgo,Puerto,48
2021,7,China,Puerto,45
2020,2,Austria,Tren,45
2019,2,República Checa,Tren,41
2020,4,Rusia,Tren,41
2020,10,Rusia,Tren,41
2020,10,Bélgica,Puerto,41
2022,3,Corea del Sur,Carretera,40
2020,8,Polonia,Puerto,39
2022,8,Finlandia,Tren,39
2022,7,Finlandia,Tren,39
2020,2,Polonia,Puerto,39
2021,11,Argentina,Puerto,39
2022,9,Finlandia,Tren,39
2021,1,Suiza,Puerto,38
2020,11,Bélgica,Puerto,37
2020,12,Suiza,Tren,36
2023,7,Corea del Sur,Tren,36
2020,4,Alemania,Tren,36
2022,1,Rusia,Tren,35
2020,5,EE.UU.,Puerto,34
2020,4,EE.UU.,Puerto,34
2023,6,Corea del Sur,Tren,33
2021,6,China,Carretera,33
2023,6,Corea del Sur,Puerto,33
2022,2,Corea del Sur,Tren,32
2022,12,Corea del Sur,Carretera,32
2020,5,Corea del Sur,Puerto,29
2022,4,Rusia,Tren,29
2023,9,Corea del Sur,Puerto,28
2021,2,Suiza,Tren,28
2021,3,China,Tren,27
2021,12,Austria,Tren,27
2023,8,Luxemburgo,Puerto,24
2023,1,Luxemburgo,Puerto,24
2023,12,Luxemburgo,Puerto,24
2020,11,Suiza,Tren,24
2021,4,Suecia,Puerto,22
2021,2,Dinamarca,Tren,20
2021,8,Brasil,Puerto,20
2020,6,Suiza,Tren,20
2020,11,Bélgica,Tren,19
2021,5,Argentina,Puerto,19
2021,3,Suecia,Puerto,19
2020,12,Corea del Sur,Puerto,19
2023,8,Corea del Sur,Carretera,18
2022,8,China,Tren,16
2019,7,Luxemburgo,Tren,16
2021,3,Austria,Tren,16
2019,8,Luxemburgo,Tren,16
2021,9,Brasil,Puerto,16
2022,10,China,Tren,16
2020,4,Finlandia,Tren,15
2021,2,Suecia,Puerto,15
2021,12,Finlandia,Tren,15
2021,6,Finlandia,Tren,15
2020,5,Brasil,Puerto,15
2021,9,Finlandia,Tren,15
2021,3,Rusia,Tren,13
2021,1,Dinamarca,Tren,12
2023,1,Corea del Sur,Tren,11
2021,5,Brasil,Puerto,9
2020,1,Luxemburgo,Tren,7
2021,3,Argentina,Puerto,6
2020,5,China,Puerto,6
2020,7,Suecia,Puerto,5
2021,2,Corea del Sur,Carretera,4
2020,4,Bélgica,Puerto,4
2020,5,Bélgica,Puerto,2
2022,1,Corea del Sur,Puerto,2
2023,11,Polonia,Tren,0
2023,3,Italia,Tren,0
2020,4,Dinamarca,Tren,0
2023,11,República Checa,Tren,0
2020,4,Irlanda,Tren,0
2020,9,República Checa,Tren,0
2023,3,República Checa,Tren,0
2020,9,Noruega,Tren,0
2023,11,Japón,Tren,0
2023,3,Luxemburgo,Tren,0
2023,9,Italia,Tren,0
2021,2,República Checa,Tren,0
2023,1,Irlanda,Tren,0
2022,12,Corea del Sur,Puerto,0
2022,7,Luxemburgo,Tren,0
2020,6,Suecia,Puerto,0
2023,12,Noruega,Tren,0
2020,6,Irlanda,Tren,0
2021,11,República Checa,Puerto,0
2022,9,Corea del Sur,Carretera,0
2021,3,Italia,Tren,0
2023,12,Irlanda,Tren,0
2019,1,Polonia,Puerto,0
2021,2,Noruega,Tren,0
2021,10,Luxemburgo,Puerto,0
2023,1,Italia,Tren,0
2020,5,Suecia,Puerto,0
2020,3,Suecia,Puerto,0
2023,4,Luxemburgo,Tren,0
2022,8,Italia,Tren,0
2022,3,Italia,Tren,0
2020,10,Polonia,Tren,0
2021,5,Italia,Tren,0
2021,5,Luxemburgo,Tren,0
2021,8,China,Puerto,0
2020,10,República Checa,Tren,0
2022,3,Polonia,Tren,0
2019,9,Irlanda,Tren,0
2023,9,Irlanda,Tren,0
2021,6,Japón,Tren,0
2023,8,Noruega,Tren,0
2023,8,Polonia,Tren,0
2020,12,Polonia,Puerto,0
2022,2,Luxemburgo,Tren,0
2023,9,República Checa,Tren,0
2021,5,China,Puerto,0
2022,9,Polonia,Tren,0
2021,8,Noruega,Tren,0
2020,11,República Checa,Puerto,0
2023,6,Japón,Tren,0
2023,6,Irlanda,Tren,0
2020,10,Italia,Tren,0
2019,4,Polonia,Tren,0
2022,7,Rusia,Tren,0
2022,10,Corea del Sur,Tren,0
2021,4,Corea del Sur,Puerto,0
2021,4,China,Puerto,0
2020,1,Dinamarca,Tren,0
2022,9,Luxemburgo,Tren,0
2020,2,Polonia,Tren,0
2020,2,República Checa,Puerto,0
2023,4,Noruega,Tren,0
2021,11,China,Puerto,0
